order_item_refund_id,order_item_id,order_id,refund_amount_usd,created_at
1,57,57,49.99,6/4/2012
2,74,74,49.99,13/4/2012
3,71,71,49.99,15/4/2012
4,118,118,49.99,17/4/2012
5,116,116,49.99,22/4/2012
6,147,147,49.99,4/5/2012
7,186,186,49.99,12/5/2012
8,191,191,49.99,16/5/2012
9,179,179,49.99,24/5/2012
10,199,199,49.99,30/5/2012
11,271,271,49.99,6/6/2012
12,290,290,49.99,10/6/2012
13,335,335,49.99,20/6/2012
14,382,382,49.99,28/6/2012
15,357,357,49.99,29/6/2012
16,409,409,49.99,5/7/2012
17,368,368,49.99,7/7/2012
18,391,391,49.99,7/7/2012
19,424,424,49.99,8/7/2012
20,393,393,49.99,10/7/2012
21,442,442,49.99,11/7/2012
22,472,472,49.99,19/7/2012
23,470,470,49.99,20/7/2012
24,469,469,49.99,21/7/2012
25,471,471,49.99,22/7/2012
26,468,468,49.99,27/7/2012
27,467,467,49.99,29/7/2012
28,500,500,49.99,31/7/2012
29,501,501,49.99,1/8/2012
30,568,568,49.99,6/8/2012
31,545,545,49.99,8/8/2012
32,558,558,49.99,9/8/2012
33,577,577,49.99,12/8/2012
34,648,648,49.99,12/8/2012
35,669,669,49.99,15/8/2012
36,587,587,49.99,16/8/2012
37,581,581,49.99,17/8/2012
38,584,584,49.99,17/8/2012
39,638,638,49.99,18/8/2012
40,676,676,49.99,20/8/2012
41,717,717,49.99,23/8/2012
42,661,661,49.99,24/8/2012
43,694,694,49.99,27/8/2012
44,668,668,49.99,27/8/2012
45,739,739,49.99,29/8/2012
46,718,718,49.99,29/8/2012
47,780,780,49.99,1/9/2012
48,786,786,49.99,3/9/2012
49,760,760,49.99,8/9/2012
50,844,844,49.99,12/9/2012
51,823,823,49.99,13/9/2012
52,883,883,49.99,14/9/2012
53,818,818,49.99,14/9/2012
54,900,900,49.99,14/9/2012
55,838,838,49.99,15/9/2012
56,807,807,49.99,15/9/2012
57,910,910,49.99,18/9/2012
58,849,849,49.99,19/9/2012
59,988,988,49.99,22/9/2012
60,934,934,49.99,24/9/2012
61,993,993,49.99,24/9/2012
62,950,950,49.99,24/9/2012
63,969,969,49.99,25/9/2012
64,953,953,49.99,27/9/2012
65,905,905,49.99,27/9/2012
66,941,941,49.99,29/9/2012
67,939,939,49.99,30/9/2012
68,1006,1006,49.99,2/10/2012
69,1107,1107,49.99,5/10/2012
70,1069,1069,49.99,5/10/2012
71,984,984,49.99,6/10/2012
72,1021,1021,49.99,6/10/2012
73,1129,1129,49.99,7/10/2012
74,1103,1103,49.99,7/10/2012
75,1036,1036,49.99,8/10/2012
76,1063,1063,49.99,10/10/2012
77,1078,1078,49.99,10/10/2012
78,1056,1056,49.99,10/10/2012
79,1145,1145,49.99,13/10/2012
80,1123,1123,49.99,14/10/2012
81,1226,1226,49.99,17/10/2012
82,1279,1279,49.99,20/10/2012
83,1245,1245,49.99,20/10/2012
84,1271,1271,49.99,21/10/2012
85,1167,1167,49.99,22/10/2012
86,1243,1243,49.99,22/10/2012
87,1318,1318,49.99,23/10/2012
88,1227,1227,49.99,25/10/2012
89,1283,1283,49.99,26/10/2012
90,1222,1222,49.99,28/10/2012
91,1233,1233,49.99,29/10/2012
92,1274,1274,49.99,1/11/2012
93,1426,1426,49.99,1/11/2012
94,1267,1267,49.99,1/11/2012
95,1451,1451,49.99,2/11/2012
96,1445,1445,49.99,3/11/2012
97,1393,1393,49.99,4/11/2012
98,1351,1351,49.99,5/11/2012
99,1324,1324,49.99,6/11/2012
100,1480,1480,49.99,6/11/2012
101,1422,1422,49.99,7/11/2012
102,1368,1368,49.99,9/11/2012
103,1515,1515,49.99,11/11/2012
104,1468,1468,49.99,12/11/2012
105,1525,1525,49.99,13/11/2012
106,1547,1547,49.99,13/11/2012
107,1443,1443,49.99,14/11/2012
108,1559,1559,49.99,14/11/2012
109,1576,1576,49.99,15/11/2012
110,1552,1552,49.99,15/11/2012
111,1584,1584,49.99,17/11/2012
112,1483,1483,49.99,17/11/2012
113,1532,1532,49.99,18/11/2012
114,1544,1544,49.99,18/11/2012
115,1626,1626,49.99,19/11/2012
116,1638,1638,49.99,21/11/2012
117,1528,1528,49.99,21/11/2012
118,1653,1653,49.99,22/11/2012
119,1637,1637,49.99,25/11/2012
120,1756,1756,49.99,25/11/2012
121,1660,1660,49.99,26/11/2012
122,1646,1646,49.99,26/11/2012
123,1631,1631,49.99,26/11/2012
124,1617,1617,49.99,27/11/2012
125,1779,1779,49.99,27/11/2012
126,1848,1848,49.99,27/11/2012
127,1748,1748,49.99,27/11/2012
128,1815,1815,49.99,28/11/2012
129,1604,1604,49.99,28/11/2012
130,1908,1908,49.99,29/11/2012
131,1636,1636,49.99,30/11/2012
132,2064,2064,49.99,2/12/2012
133,2051,2051,49.99,2/12/2012
134,1988,1988,49.99,2/12/2012
135,1909,1909,49.99,3/12/2012
136,1905,1905,49.99,3/12/2012
137,1961,1961,49.99,3/12/2012
138,1918,1918,49.99,4/12/2012
139,1776,1776,49.99,4/12/2012
140,2028,2028,49.99,4/12/2012
141,1797,1797,49.99,5/12/2012
142,1915,1915,49.99,5/12/2012
143,1818,1818,49.99,5/12/2012
144,1947,1947,49.99,6/12/2012
145,1745,1745,49.99,8/12/2012
146,2050,2050,49.99,9/12/2012
147,2184,2184,49.99,11/12/2012
148,2098,2098,49.99,12/12/2012
149,2045,2045,49.99,13/12/2012
150,2241,2241,49.99,13/12/2012
151,2057,2057,49.99,14/12/2012
152,2165,2165,49.99,15/12/2012
153,2147,2147,49.99,15/12/2012
154,2341,2341,49.99,18/12/2012
155,2172,2172,49.99,18/12/2012
156,2244,2244,49.99,18/12/2012
157,2202,2202,49.99,19/12/2012
158,2365,2365,49.99,20/12/2012
159,2377,2377,49.99,21/12/2012
160,2415,2415,49.99,22/12/2012
161,2337,2337,49.99,23/12/2012
162,2249,2249,49.99,24/12/2012
163,2444,2444,49.99,26/12/2012
164,2445,2445,49.99,26/12/2012
165,2323,2323,49.99,26/12/2012
166,2398,2398,49.99,27/12/2012
167,2479,2479,49.99,28/12/2012
168,2446,2446,49.99,31/12/2012
169,2431,2431,49.99,31/12/2012
170,2426,2426,49.99,1/1/2013
171,2498,2498,49.99,4/1/2013
172,2489,2489,49.99,4/1/2013
173,2504,2504,49.99,5/1/2013
174,2492,2492,49.99,6/1/2013
175,2495,2495,49.99,6/1/2013
176,2549,2549,49.99,7/1/2013
177,2525,2525,49.99,7/1/2013
178,2619,2619,49.99,9/1/2013
179,2576,2576,49.99,10/1/2013
180,2711,2711,49.99,12/1/2013
181,2715,2715,49.99,15/1/2013
182,2621,2621,49.99,15/1/2013
183,2752,2752,49.99,17/1/2013
184,2660,2660,49.99,17/1/2013
185,2790,2790,49.99,19/1/2013
186,2755,2755,49.99,24/1/2013
187,2777,2777,49.99,27/1/2013
188,2789,2789,49.99,27/1/2013
189,2805,2805,49.99,28/1/2013
190,2846,2846,59.99,29/1/2013
191,2961,2961,49.99,1/2/2013
192,2833,2833,49.99,1/2/2013
193,2911,2911,49.99,2/2/2013
194,2978,2978,49.99,3/2/2013
195,2998,2998,59.99,6/2/2013
196,2906,2906,49.99,7/2/2013
197,2913,2913,49.99,7/2/2013
198,2958,2958,49.99,10/2/2013
199,3079,3079,49.99,12/2/2013
200,3014,3014,49.99,12/2/2013
201,3019,3019,49.99,12/2/2013
202,2999,2999,49.99,13/2/2013
203,3073,3073,49.99,14/2/2013
204,3048,3048,49.99,20/2/2013
205,3067,3067,49.99,20/2/2013
206,3284,3284,59.99,20/2/2013
207,3109,3109,49.99,22/2/2013
208,3297,3297,49.99,22/2/2013
209,3199,3199,49.99,26/2/2013
210,3118,3118,49.99,27/2/2013
211,3355,3355,49.99,27/2/2013
212,3178,3178,49.99,28/2/2013
213,3380,3380,49.99,28/2/2013
214,3306,3306,49.99,2/3/2013
215,3396,3396,49.99,2/3/2013
216,3313,3313,49.99,4/3/2013
217,3487,3487,49.99,5/3/2013
218,3373,3373,49.99,5/3/2013
219,3425,3425,49.99,5/3/2013
220,3400,3400,49.99,6/3/2013
221,3316,3316,49.99,6/3/2013
222,3452,3452,49.99,7/3/2013
223,3524,3524,49.99,8/3/2013
224,3517,3517,49.99,8/3/2013
225,3417,3417,49.99,10/3/2013
226,3499,3499,59.99,17/3/2013
227,3607,3607,49.99,19/3/2013
228,3573,3573,49.99,19/3/2013
229,3563,3563,59.99,20/3/2013
230,3585,3585,49.99,21/3/2013
231,3549,3549,49.99,22/3/2013
232,3633,3633,49.99,24/3/2013
233,3632,3632,49.99,26/3/2013
234,3806,3806,49.99,31/3/2013
235,3713,3713,49.99,2/4/2013
236,3769,3769,49.99,3/4/2013
237,3764,3764,49.99,4/4/2013
238,3807,3807,49.99,5/4/2013
239,3757,3757,49.99,6/4/2013
240,3814,3814,49.99,7/4/2013
241,3798,3798,59.99,8/4/2013
242,3856,3856,49.99,8/4/2013
243,3811,3811,49.99,10/4/2013
244,3953,3953,49.99,10/4/2013
245,3866,3866,49.99,12/4/2013
246,4033,4033,49.99,17/4/2013
247,3933,3933,49.99,17/4/2013
248,4114,4114,49.99,18/4/2013
249,4112,4112,49.99,19/4/2013
250,3989,3989,49.99,19/4/2013
251,4182,4182,49.99,20/4/2013
252,4045,4045,49.99,20/4/2013
253,4005,4005,49.99,20/4/2013
254,4001,4001,49.99,20/4/2013
255,4065,4065,49.99,21/4/2013
256,4037,4037,49.99,22/4/2013
257,3993,3993,49.99,23/4/2013
258,4222,4222,49.99,2/5/2013
259,4304,4304,59.99,3/5/2013
260,4396,4396,49.99,4/5/2013
261,4344,4344,49.99,4/5/2013
262,4257,4257,49.99,5/5/2013
263,4438,4438,49.99,7/5/2013
264,4420,4420,49.99,9/5/2013
265,4444,4444,49.99,10/5/2013
266,4507,4507,49.99,10/5/2013
267,4310,4310,49.99,11/5/2013
268,4494,4494,49.99,14/5/2013
269,4543,4543,49.99,15/5/2013
270,4590,4590,49.99,15/5/2013
271,4423,4423,49.99,16/5/2013
272,4696,4696,49.99,18/5/2013
273,4564,4564,49.99,18/5/2013
274,4610,4610,49.99,19/5/2013
275,4608,4608,49.99,19/5/2013
276,4576,4576,49.99,19/5/2013
277,4710,4710,49.99,20/5/2013
278,4611,4611,49.99,21/5/2013
279,4654,4654,49.99,23/5/2013
280,4620,4620,49.99,23/5/2013
281,4679,4679,59.99,26/5/2013
282,4793,4793,49.99,27/5/2013
283,4706,4706,49.99,27/5/2013
284,4726,4726,49.99,28/5/2013
285,4825,4825,49.99,28/5/2013
286,4680,4680,49.99,28/5/2013
287,4760,4760,59.99,29/5/2013
288,4758,4758,49.99,31/5/2013
289,4989,4989,49.99,3/6/2013
290,4915,4915,49.99,4/6/2013
291,4900,4900,49.99,4/6/2013
292,4807,4807,49.99,4/6/2013
293,4874,4874,49.99,7/6/2013
294,4879,4879,49.99,7/6/2013
295,5100,5100,49.99,8/6/2013
296,5095,5095,49.99,8/6/2013
297,5051,5051,49.99,9/6/2013
298,4993,4993,49.99,9/6/2013
299,4953,4953,49.99,9/6/2013
300,4907,4907,49.99,11/6/2013
301,5023,5023,49.99,11/6/2013
302,5134,5134,49.99,11/6/2013
303,4912,4912,49.99,13/6/2013
304,5007,5007,59.99,17/6/2013
305,5082,5082,49.99,18/6/2013
306,5257,5257,59.99,18/6/2013
307,5145,5145,49.99,18/6/2013
308,5128,5128,49.99,19/6/2013
309,5113,5113,49.99,19/6/2013
310,5168,5168,49.99,20/6/2013
311,5263,5263,59.99,20/6/2013
312,5124,5124,49.99,20/6/2013
313,5289,5289,59.99,21/6/2013
314,5108,5108,49.99,22/6/2013
315,5262,5262,49.99,24/6/2013
316,5333,5333,49.99,24/6/2013
317,5422,5422,49.99,27/6/2013
318,5284,5284,49.99,27/6/2013
319,5346,5346,49.99,27/6/2013
320,5261,5261,49.99,27/6/2013
321,5386,5386,49.99,28/6/2013
322,5239,5239,59.99,28/6/2013
323,5387,5387,49.99,1/7/2013
324,5531,5531,49.99,1/7/2013
325,5523,5523,49.99,1/7/2013
326,5518,5518,49.99,2/7/2013
327,5412,5412,49.99,3/7/2013
328,5565,5565,49.99,3/7/2013
329,5323,5323,49.99,3/7/2013
330,5390,5390,49.99,3/7/2013
331,5462,5462,49.99,3/7/2013
332,5408,5408,49.99,4/7/2013
333,5430,5430,49.99,5/7/2013
334,5474,5474,49.99,6/7/2013
335,5496,5496,49.99,7/7/2013
336,5569,5569,49.99,7/7/2013
337,5405,5405,49.99,7/7/2013
338,5586,5586,49.99,7/7/2013
339,5574,5574,49.99,8/7/2013
340,5616,5616,49.99,8/7/2013
341,5451,5451,49.99,9/7/2013
342,5635,5635,49.99,9/7/2013
343,5631,5631,49.99,11/7/2013
344,5663,5663,49.99,11/7/2013
345,5700,5700,49.99,12/7/2013
346,5712,5712,49.99,12/7/2013
347,5607,5607,49.99,13/7/2013
348,5576,5576,49.99,14/7/2013
349,5683,5683,49.99,14/7/2013
350,5746,5746,49.99,15/7/2013
351,5578,5578,49.99,16/7/2013
352,5843,5843,49.99,18/7/2013
353,5650,5650,49.99,21/7/2013
354,5696,5696,49.99,22/7/2013
355,5750,5750,59.99,22/7/2013
356,5906,5906,49.99,22/7/2013
357,5847,5847,59.99,23/7/2013
358,5863,5863,49.99,25/7/2013
359,5802,5802,49.99,25/7/2013
360,5855,5855,49.99,25/7/2013
361,5799,5799,49.99,26/7/2013
362,6031,6031,49.99,27/7/2013
363,5914,5914,49.99,27/7/2013
364,5865,5865,49.99,28/7/2013
365,5938,5938,49.99,29/7/2013
366,5946,5946,49.99,29/7/2013
367,6074,6074,49.99,31/7/2013
368,6047,6047,49.99,1/8/2013
369,6158,6158,49.99,2/8/2013
370,6054,6054,49.99,5/8/2013
371,5933,5933,49.99,5/8/2013
372,5993,5993,59.99,6/8/2013
373,6052,6052,49.99,6/8/2013
374,6139,6139,49.99,7/8/2013
375,6195,6195,49.99,7/8/2013
376,6075,6075,49.99,7/8/2013
377,6059,6059,49.99,8/8/2013
378,6008,6008,49.99,8/8/2013
379,6269,6269,49.99,9/8/2013
380,6110,6110,49.99,9/8/2013
381,6226,6226,49.99,11/8/2013
382,6247,6247,49.99,11/8/2013
383,6251,6251,49.99,12/8/2013
384,6324,6324,49.99,13/8/2013
385,6103,6103,49.99,13/8/2013
386,6173,6173,49.99,14/8/2013
387,6215,6215,49.99,16/8/2013
388,6244,6244,49.99,17/8/2013
389,6395,6395,59.99,18/8/2013
390,6387,6387,49.99,19/8/2013
391,6259,6259,49.99,19/8/2013
392,6273,6273,49.99,19/8/2013
393,6421,6421,49.99,19/8/2013
394,6302,6302,49.99,20/8/2013
395,6355,6355,49.99,23/8/2013
396,6432,6432,49.99,23/8/2013
397,6528,6528,49.99,25/8/2013
398,6465,6465,49.99,25/8/2013
399,6461,6461,49.99,26/8/2013
400,6634,6634,49.99,27/8/2013
401,6451,6451,49.99,29/8/2013
402,6526,6526,49.99,29/8/2013
403,6504,6504,49.99,1/9/2013
404,6589,6589,49.99,2/9/2013
405,6627,6627,49.99,3/9/2013
406,6758,6758,49.99,7/9/2013
407,6721,6721,49.99,8/9/2013
408,6805,6805,49.99,10/9/2013
409,6743,6743,49.99,11/9/2013
410,6882,6882,49.99,11/9/2013
411,6899,6899,49.99,12/9/2013
412,6943,6943,49.99,13/9/2013
413,6750,6750,49.99,14/9/2013
414,6940,6940,49.99,16/9/2013
415,6825,6825,49.99,16/9/2013
416,6865,6865,49.99,17/9/2013
417,7009,7009,49.99,17/9/2013
418,6991,6991,49.99,18/9/2013
419,7035,7035,49.99,19/9/2013
420,6947,6947,49.99,20/9/2013
421,6952,6952,49.99,21/9/2013
422,6981,6981,49.99,22/9/2013
423,6999,6999,49.99,23/9/2013
424,7154,7154,49.99,25/9/2013
425,7250,7250,49.99,26/9/2013
426,7077,7077,49.99,30/9/2013
427,7230,7230,49.99,2/10/2013
428,7354,7351,59.99,2/10/2013
429,7164,7164,49.99,4/10/2013
430,7192,7192,49.99,4/10/2013
431,7480,7473,49.99,6/10/2013
432,7512,7503,49.99,6/10/2013
433,7259,7259,49.99,7/10/2013
434,7323,7320,49.99,8/10/2013
435,7308,7306,49.99,9/10/2013
436,7533,7522,49.99,11/10/2013
437,7582,7567,59.99,14/10/2013
438,7502,7493,49.99,15/10/2013
439,7741,7718,49.99,19/10/2013
440,7736,7713,49.99,21/10/2013
441,7636,7616,49.99,22/10/2013
442,7889,7863,49.99,23/10/2013
443,7598,7582,49.99,24/10/2013
444,7667,7647,49.99,26/10/2013
445,8014,7984,49.99,28/10/2013
446,7847,7821,49.99,1/11/2013
447,7877,7851,59.99,1/11/2013
448,7945,7916,49.99,2/11/2013
449,8101,8069,49.99,3/11/2013
450,8164,8128,49.99,5/11/2013
451,8041,8011,49.99,6/11/2013
452,7939,7910,49.99,7/11/2013
453,8049,8019,49.99,7/11/2013
454,8270,8232,49.99,13/11/2013
455,8287,8248,49.99,15/11/2013
456,8530,8481,49.99,22/11/2013
457,8521,8472,49.99,22/11/2013
458,8578,8527,49.99,24/11/2013
459,8359,8319,59.99,25/11/2013
460,8657,8604,49.99,25/11/2013
461,8637,8586,49.99,27/11/2013
462,8602,8551,49.99,27/11/2013
463,8703,8647,59.99,28/11/2013
464,8783,8722,49.99,1/12/2013
465,8732,8674,49.99,1/12/2013
466,8729,8671,49.99,2/12/2013
467,9052,8979,49.99,3/12/2013
468,8737,8678,49.99,3/12/2013
469,8911,8843,49.99,4/12/2013
470,8675,8622,59.99,5/12/2013
471,9086,9010,49.99,6/12/2013
472,8856,8789,49.99,7/12/2013
473,8836,8770,49.99,7/12/2013
474,8935,8867,49.99,8/12/2013
475,8967,8896,59.99,8/12/2013
476,8957,8887,49.99,9/12/2013
477,8929,8861,49.99,10/12/2013
478,8978,8906,49.99,10/12/2013
479,8997,8925,49.99,10/12/2013
480,9069,8996,49.99,10/12/2013
481,9181,9103,59.99,11/12/2013
482,8992,8920,49.99,11/12/2013
483,9378,9297,49.99,12/12/2013
484,8915,8847,49.99,13/12/2013
485,9386,9304,59.99,13/12/2013
486,9344,9264,49.99,14/12/2013
487,8849,8782,49.99,14/12/2013
488,9407,9324,59.99,16/12/2013
489,9359,9278,49.99,16/12/2013
490,9550,9456,45.99,17/12/2013
491,9324,9244,49.99,18/12/2013
492,9406,9324,49.99,19/12/2013
493,9443,9356,49.99,20/12/2013
494,9753,9637,45.99,22/12/2013
495,9705,9593,49.99,22/12/2013
496,9831,9708,49.99,23/12/2013
497,9632,9530,49.99,23/12/2013
498,9717,9604,49.99,23/12/2013
499,9413,9330,49.99,24/12/2013
500,9662,9557,49.99,26/12/2013
501,9668,9562,49.99,27/12/2013
502,9844,9720,45.99,27/12/2013
503,9508,9417,45.99,27/12/2013
504,9752,9636,49.99,28/12/2013
505,9658,9553,45.99,29/12/2013
506,9886,9759,45.99,30/12/2013
507,9821,9700,49.99,31/12/2013
508,9611,9512,49.99,31/12/2013
509,9971,9838,59.99,3/1/2014
510,10104,9949,45.99,3/1/2014
511,10075,9925,45.99,5/1/2014
512,10047,9903,45.99,6/1/2014
513,10274,10098,49.99,6/1/2014
514,9891,9763,45.99,7/1/2014
515,10068,9919,49.99,7/1/2014
516,10285,10109,49.99,8/1/2014
517,10207,10041,45.99,9/1/2014
518,10321,10143,59.99,12/1/2014
519,10509,10309,45.99,14/1/2014
520,10430,10241,59.99,14/1/2014
521,10330,10151,45.99,15/1/2014
522,10604,10395,45.99,16/1/2014
523,10540,10335,45.99,17/1/2014
524,10301,10124,49.99,17/1/2014
525,10334,10155,49.99,17/1/2014
526,10699,10478,45.99,19/1/2014
527,10577,10371,49.99,20/1/2014
528,10373,10191,49.99,20/1/2014
529,10503,10304,49.99,21/1/2014
530,10707,10486,49.99,21/1/2014
531,10771,10540,49.99,22/1/2014
532,10385,10202,45.99,22/1/2014
533,10671,10454,49.99,23/1/2014
534,10669,10453,49.99,23/1/2014
535,10820,10582,45.99,25/1/2014
536,10513,10312,49.99,25/1/2014
537,10690,10470,59.99,27/1/2014
538,10977,10719,49.99,28/1/2014
539,10673,10456,49.99,28/1/2014
540,10854,10610,45.99,28/1/2014
541,10653,10439,49.99,29/1/2014
542,10624,10413,49.99,30/1/2014
543,10618,10408,59.99,30/1/2014
544,10859,10615,49.99,31/1/2014
545,10792,10558,49.99,1/2/2014
546,10721,10497,49.99,1/2/2014
547,10949,10693,49.99,2/2/2014
548,10786,10553,49.99,2/2/2014
549,10746,10519,49.99,2/2/2014
550,10934,10678,45.99,2/2/2014
551,10851,10607,49.99,3/2/2014
552,10994,10736,49.99,4/2/2014
553,10965,10707,49.99,5/2/2014
554,11162,10885,49.99,5/2/2014
555,11368,11062,49.99,5/2/2014
556,11313,11018,49.99,6/2/2014
557,11030,10769,49.99,6/2/2014
558,11110,10839,45.99,7/2/2014
559,11418,11106,49.99,8/2/2014
560,11153,10877,49.99,9/2/2014
561,11155,10878,49.99,9/2/2014
562,11554,11208,45.99,9/2/2014
563,11525,11188,49.99,10/2/2014
564,11455,11139,49.99,10/2/2014
565,11199,10917,45.99,10/2/2014
566,11272,10983,49.99,11/2/2014
567,11144,10869,45.99,12/2/2014
568,11393,11084,45.99,12/2/2014
569,11184,10904,49.99,14/2/2014
570,11482,11157,45.99,14/2/2014
571,11439,11124,49.99,14/2/2014
572,11758,11367,59.99,14/2/2014
573,11788,11390,45.99,14/2/2014
574,11550,11206,45.99,15/2/2014
575,11600,11244,49.99,15/2/2014
576,11493,11165,29.99,17/2/2014
577,11557,11211,49.99,18/2/2014
578,11944,11511,45.99,20/2/2014
579,12144,11658,49.99,22/2/2014
580,12068,11603,49.99,22/2/2014
581,11629,11265,59.99,23/2/2014
582,12174,11680,49.99,23/2/2014
583,12330,11787,45.99,24/2/2014
584,11825,11419,59.99,24/2/2014
585,11955,11522,59.99,24/2/2014
586,11778,11382,59.99,25/2/2014
587,12044,11588,49.99,26/2/2014
588,12097,11626,49.99,26/2/2014
589,12320,11780,45.99,26/2/2014
590,12444,11877,49.99,27/2/2014
591,12175,11681,45.99,27/2/2014
592,12373,11822,49.99,28/2/2014
593,12438,11873,45.99,28/2/2014
594,11974,11535,59.99,1/3/2014
595,12122,11643,45.99,1/3/2014
596,12430,11866,29.99,1/3/2014
597,12035,11582,49.99,2/3/2014
598,12359,11811,45.99,2/3/2014
599,12406,11848,49.99,2/3/2014
600,12135,11652,49.99,3/3/2014
601,12287,11760,45.99,4/3/2014
602,12608,11999,49.99,5/3/2014
603,12744,12101,49.99,8/3/2014
604,12737,12095,49.99,8/3/2014
605,12761,12115,45.99,9/3/2014
606,12403,11845,49.99,9/3/2014
607,12544,11951,49.99,9/3/2014
608,12531,11941,49.99,11/3/2014
609,12591,11987,49.99,13/3/2014
610,12738,12096,49.99,13/3/2014
611,12560,11964,45.99,14/3/2014
612,13175,12436,49.99,15/3/2014
613,12869,12198,49.99,15/3/2014
614,12724,12085,49.99,16/3/2014
615,12844,12179,59.99,16/3/2014
616,13224,12470,49.99,17/3/2014
617,13251,12491,45.99,18/3/2014
618,12902,12225,45.99,18/3/2014
619,13003,12295,49.99,19/3/2014
620,12970,12273,45.99,20/3/2014
621,13150,12414,49.99,20/3/2014
622,13405,12601,49.99,21/3/2014
623,13530,12694,45.99,22/3/2014
624,12960,12267,45.99,23/3/2014
625,13165,12428,49.99,23/3/2014
626,13651,12783,49.99,24/3/2014
627,13259,12497,45.99,24/3/2014
628,13108,12377,49.99,25/3/2014
629,13230,12474,29.99,25/3/2014
630,13669,12798,49.99,26/3/2014
631,13542,12704,49.99,26/3/2014
632,13508,12677,45.99,26/3/2014
633,13343,12553,59.99,27/3/2014
634,13606,12749,45.99,28/3/2014
635,13438,12626,45.99,28/3/2014
636,13400,12596,49.99,28/3/2014
637,13817,12905,49.99,29/3/2014
638,13452,12637,49.99,30/3/2014
639,13903,12967,45.99,1/4/2014
640,13904,12968,45.99,2/4/2014
641,13458,12640,49.99,2/4/2014
642,13769,12868,45.99,2/4/2014
643,13855,12932,45.99,4/4/2014
644,13766,12866,49.99,4/4/2014
645,13956,13006,45.99,4/4/2014
646,13983,13028,45.99,4/4/2014
647,13962,13011,49.99,5/4/2014
648,13939,12994,49.99,5/4/2014
649,13798,12891,45.99,6/4/2014
650,14161,13162,49.99,7/4/2014
651,13934,12989,49.99,8/4/2014
652,14244,13227,49.99,9/4/2014
653,14320,13285,49.99,10/4/2014
654,14331,13293,49.99,10/4/2014
655,13883,12951,59.99,11/4/2014
656,14397,13339,45.99,11/4/2014
657,14216,13206,49.99,11/4/2014
658,13964,13012,49.99,12/4/2014
659,14429,13361,49.99,13/4/2014
660,14175,13172,49.99,13/4/2014
661,14377,13324,49.99,13/4/2014
662,14160,13161,49.99,16/4/2014
663,14610,13503,49.99,17/4/2014
664,14798,13640,49.99,18/4/2014
665,14407,13345,49.99,18/4/2014
666,14803,13644,49.99,19/4/2014
667,14466,13389,49.99,19/4/2014
668,14432,13363,49.99,19/4/2014
669,14721,13586,45.99,20/4/2014
670,14444,13372,49.99,20/4/2014
671,14985,13785,49.99,20/4/2014
672,14591,13489,45.99,21/4/2014
673,14427,13360,49.99,21/4/2014
674,14920,13737,45.99,21/4/2014
675,14975,13778,49.99,22/4/2014
676,15005,13798,49.99,22/4/2014
677,14785,13630,45.99,22/4/2014
678,14832,13667,45.99,23/4/2014
679,14766,13618,45.99,24/4/2014
680,15133,13889,59.99,24/4/2014
681,14554,13458,49.99,24/4/2014
682,15207,13946,45.99,25/4/2014
683,14628,13516,45.99,25/4/2014
684,14838,13672,49.99,25/4/2014
685,15115,13875,49.99,26/4/2014
686,14855,13687,49.99,27/4/2014
687,15256,13986,45.99,27/4/2014
688,14851,13683,49.99,27/4/2014
689,14742,13602,49.99,28/4/2014
690,15353,14054,49.99,29/4/2014
691,14996,13792,59.99,29/4/2014
692,15391,14081,45.99,29/4/2014
693,14771,13622,49.99,30/4/2014
694,15140,13894,45.99,1/5/2014
695,15188,13930,49.99,1/5/2014
696,14946,13756,45.99,2/5/2014
697,15108,13871,49.99,3/5/2014
698,15811,14392,49.99,4/5/2014
699,15518,14172,29.99,4/5/2014
700,15255,13985,59.99,4/5/2014
701,15848,14419,45.99,5/5/2014
702,15266,13994,29.99,5/5/2014
703,15399,14086,49.99,6/5/2014
704,15377,14070,45.99,7/5/2014
705,15926,14476,45.99,7/5/2014
706,15482,14146,29.99,8/5/2014
707,15571,14213,45.99,8/5/2014
708,15703,14314,45.99,9/5/2014
709,15508,14165,45.99,9/5/2014
710,15709,14317,59.99,9/5/2014
711,15833,14408,45.99,9/5/2014
712,15630,14260,45.99,10/5/2014
713,16082,14585,29.99,10/5/2014
714,15462,14131,29.99,11/5/2014
715,15924,14475,49.99,12/5/2014
716,15593,14230,49.99,13/5/2014
717,16030,14547,45.99,13/5/2014
718,16020,14542,49.99,13/5/2014
719,15824,14401,45.99,13/5/2014
720,15853,14423,45.99,14/5/2014
721,16235,14697,45.99,15/5/2014
722,15843,14416,45.99,16/5/2014
723,16056,14566,49.99,17/5/2014
724,16173,14653,45.99,17/5/2014
725,16633,14989,49.99,18/5/2014
726,16418,14830,49.99,19/5/2014
727,15974,14507,49.99,20/5/2014
728,16565,14936,49.99,20/5/2014
729,16416,14828,45.99,20/5/2014
730,16329,14766,45.99,20/5/2014
731,16304,14747,59.99,21/5/2014
732,16062,14570,49.99,22/5/2014
733,16414,14827,49.99,23/5/2014
734,16618,14975,49.99,23/5/2014
735,16257,14715,49.99,24/5/2014
736,16627,14984,49.99,24/5/2014
737,17110,15338,49.99,24/5/2014
738,16378,14801,49.99,26/5/2014
739,16851,15148,49.99,27/5/2014
740,16641,14993,45.99,28/5/2014
741,16690,15033,45.99,29/5/2014
742,16670,15016,49.99,29/5/2014
743,17234,15436,59.99,30/5/2014
744,17089,15323,45.99,31/5/2014
745,17214,15419,59.99,1/6/2014
746,17273,15465,45.99,1/6/2014
747,17132,15353,29.99,2/6/2014
748,17360,15523,49.99,2/6/2014
749,16879,15166,45.99,2/6/2014
750,16962,15229,49.99,3/6/2014
751,17620,15715,49.99,3/6/2014
752,16956,15224,49.99,3/6/2014
753,17510,15633,45.99,3/6/2014
754,17459,15596,49.99,4/6/2014
755,17173,15388,49.99,4/6/2014
756,17265,15458,59.99,5/6/2014
757,17642,15732,49.99,6/6/2014
758,17482,15613,49.99,6/6/2014
759,17750,15810,59.99,7/6/2014
760,17601,15702,49.99,8/6/2014
761,17881,15908,49.99,8/6/2014
762,17857,15890,49.99,9/6/2014
763,17385,15539,49.99,9/6/2014
764,17209,15415,49.99,9/6/2014
765,17419,15565,49.99,9/6/2014
766,17938,15946,49.99,10/6/2014
767,17403,15555,49.99,10/6/2014
768,17354,15519,49.99,10/6/2014
769,17829,15870,49.99,10/6/2014
770,17751,15811,49.99,11/6/2014
771,17619,15714,45.99,12/6/2014
772,18032,16015,45.99,12/6/2014
773,17554,15668,49.99,13/6/2014
774,18080,16053,49.99,13/6/2014
775,17845,15879,49.99,14/6/2014
776,17672,15752,59.99,14/6/2014
777,18019,16005,49.99,14/6/2014
778,18320,16227,29.99,16/6/2014
779,18110,16073,29.99,16/6/2014
780,17848,15882,49.99,16/6/2014
781,18271,16192,49.99,17/6/2014
782,18288,16204,49.99,17/6/2014
783,17755,15814,45.99,17/6/2014
784,18146,16101,49.99,18/6/2014
785,18415,16302,49.99,18/6/2014
786,17856,15889,49.99,18/6/2014
787,18070,16045,29.99,19/6/2014
788,18375,16274,49.99,19/6/2014
789,18327,16233,49.99,19/6/2014
790,18053,16033,49.99,19/6/2014
791,18573,16422,49.99,20/6/2014
792,17828,15869,45.99,20/6/2014
793,18419,16305,49.99,20/6/2014
794,18301,16215,49.99,21/6/2014
795,18389,16284,29.99,21/6/2014
796,18049,16029,45.99,22/6/2014
797,18100,16067,49.99,22/6/2014
798,18698,16514,49.99,22/6/2014
799,18267,16189,49.99,23/6/2014
800,18609,16445,45.99,23/6/2014
801,18090,16060,59.99,23/6/2014
802,18312,16223,49.99,24/6/2014
803,18072,16047,49.99,24/6/2014
804,18686,16503,49.99,25/6/2014
805,18847,16628,45.99,25/6/2014
806,18226,16160,45.99,27/6/2014
807,18599,16438,59.99,27/6/2014
808,18713,16526,59.99,28/6/2014
809,18804,16596,45.99,29/6/2014
810,18542,16398,49.99,29/6/2014
811,19138,16836,45.99,29/6/2014
812,18720,16531,49.99,30/6/2014
813,18602,16440,59.99,30/6/2014
814,19100,16814,49.99,1/7/2014
815,18532,16392,49.99,1/7/2014
816,18903,16671,45.99,1/7/2014
817,18658,16481,49.99,2/7/2014
818,18786,16582,45.99,2/7/2014
819,18578,16425,49.99,2/7/2014
820,18954,16704,49.99,2/7/2014
821,19097,16811,59.99,4/7/2014
822,19235,16908,49.99,4/7/2014
823,19318,16971,49.99,4/7/2014
824,19052,16781,49.99,4/7/2014
825,19213,16890,29.99,4/7/2014
826,19268,16936,45.99,5/7/2014
827,18719,16530,49.99,6/7/2014
828,19335,16984,49.99,6/7/2014
829,19076,16796,29.99,6/7/2014
830,18777,16577,49.99,6/7/2014
831,18849,16630,49.99,6/7/2014
832,18826,16613,59.99,6/7/2014
833,18922,16684,45.99,6/7/2014
834,18889,16660,49.99,6/7/2014
835,19025,16761,49.99,7/7/2014
836,19336,16985,49.99,7/7/2014
837,19220,16896,49.99,7/7/2014
838,19216,16893,49.99,7/7/2014
839,18994,16738,45.99,8/7/2014
840,19103,16816,49.99,9/7/2014
841,19529,17127,29.99,9/7/2014
842,19206,16885,45.99,9/7/2014
843,19029,16764,49.99,10/7/2014
844,19232,16905,59.99,11/7/2014
845,19606,17189,49.99,11/7/2014
846,19272,16939,49.99,11/7/2014
847,19433,17058,59.99,12/7/2014
848,19558,17150,49.99,12/7/2014
849,19251,16921,49.99,12/7/2014
850,19451,17070,45.99,12/7/2014
851,19174,16862,49.99,13/7/2014
852,19140,16838,49.99,13/7/2014
853,19342,16990,49.99,14/7/2014
854,19281,16944,49.99,14/7/2014
855,19728,17280,49.99,14/7/2014
856,19822,17349,49.99,14/7/2014
857,19332,16981,45.99,15/7/2014
858,19858,17375,49.99,16/7/2014
859,19347,16994,59.99,16/7/2014
860,20036,17508,49.99,17/7/2014
861,19981,17467,49.99,17/7/2014
862,19866,17381,29.99,18/7/2014
863,20132,17575,49.99,18/7/2014
864,19831,17355,59.99,19/7/2014
865,20189,17614,49.99,19/7/2014
866,19942,17437,49.99,19/7/2014
867,19684,17246,45.99,21/7/2014
868,19635,17211,49.99,21/7/2014
869,20129,17573,49.99,21/7/2014
870,19671,17236,59.99,22/7/2014
871,20022,17498,59.99,23/7/2014
872,19811,17340,49.99,23/7/2014
873,20160,17596,45.99,23/7/2014
874,20210,17630,49.99,23/7/2014
875,20371,17755,45.99,23/7/2014
876,20380,17761,49.99,24/7/2014
877,20339,17730,49.99,24/7/2014
878,19797,17330,59.99,24/7/2014
879,20262,17674,29.99,25/7/2014
880,19848,17368,49.99,25/7/2014
881,20355,17743,49.99,26/7/2014
882,19933,17430,49.99,26/7/2014
883,20171,17603,49.99,27/7/2014
884,19919,17418,49.99,28/7/2014
885,20070,17530,45.99,28/7/2014
886,20116,17564,49.99,28/7/2014
887,20288,17693,49.99,28/7/2014
888,20439,17805,49.99,29/7/2014
889,20092,17547,49.99,29/7/2014
890,20374,17757,49.99,29/7/2014
891,20620,17934,45.99,30/7/2014
892,20645,17954,49.99,1/8/2014
893,20342,17733,45.99,2/8/2014
894,20425,17796,59.99,2/8/2014
895,20506,17855,49.99,2/8/2014
896,20276,17685,59.99,2/8/2014
897,20740,18022,49.99,2/8/2014
898,20469,17829,59.99,3/8/2014
899,21063,18259,49.99,4/8/2014
900,20316,17714,45.99,4/8/2014
901,20779,18051,49.99,5/8/2014
902,20773,18046,45.99,6/8/2014
903,20398,17776,29.99,6/8/2014
904,20607,17926,49.99,6/8/2014
905,20621,17935,49.99,7/8/2014
906,21221,18376,45.99,8/8/2014
907,20990,18205,49.99,9/8/2014
908,20973,18192,49.99,10/8/2014
909,21303,18438,45.99,11/8/2014
910,20876,18124,49.99,11/8/2014
911,21205,18364,49.99,12/8/2014
912,21103,18287,49.99,12/8/2014
913,21014,18222,49.99,12/8/2014
914,21349,18472,45.99,12/8/2014
915,21306,18441,49.99,12/8/2014
916,21084,18274,59.99,14/8/2014
917,21143,18319,45.99,14/8/2014
918,21025,18230,49.99,14/8/2014
919,21011,18219,49.99,14/8/2014
920,20991,18206,45.99,14/8/2014
921,21254,18402,49.99,15/8/2014
922,21223,18377,49.99,15/8/2014
923,21507,18592,49.99,15/8/2014
924,21421,18529,45.99,16/8/2014
925,21744,18767,49.99,16/8/2014
926,21714,18743,49.99,17/8/2014
927,21345,18470,49.99,20/8/2014
928,21882,18871,49.99,20/8/2014
929,21356,18478,45.99,20/8/2014
930,21276,18419,49.99,21/8/2014
931,21319,18451,49.99,21/8/2014
932,21639,18690,49.99,22/8/2014
933,22216,19116,49.99,23/8/2014
934,22133,19054,49.99,23/8/2014
935,22129,19050,49.99,23/8/2014
936,21423,18530,45.99,23/8/2014
937,22155,19070,49.99,23/8/2014
938,21829,18830,45.99,23/8/2014
939,22107,19032,49.99,23/8/2014
940,22123,19046,49.99,24/8/2014
941,22215,19115,49.99,24/8/2014
942,21855,18849,45.99,24/8/2014
943,22166,19078,49.99,24/8/2014
944,22169,19081,49.99,24/8/2014
945,22208,19110,49.99,24/8/2014
946,22247,19138,49.99,24/8/2014
947,21939,18915,45.99,24/8/2014
948,22118,19042,59.99,24/8/2014
949,22142,19060,49.99,25/8/2014
950,22267,19154,45.99,25/8/2014
951,21841,18839,49.99,25/8/2014
952,22201,19105,45.99,25/8/2014
953,22177,19086,45.99,25/8/2014
954,22336,19206,49.99,25/8/2014
955,22316,19191,49.99,25/8/2014
956,22117,19041,45.99,26/8/2014
957,21592,18657,59.99,26/8/2014
958,21876,18866,49.99,27/8/2014
959,22375,19237,49.99,28/8/2014
960,21889,18877,49.99,29/8/2014
961,22481,19313,45.99,29/8/2014
962,22270,19157,49.99,29/8/2014
963,22312,19188,49.99,29/8/2014
964,21794,18805,45.99,29/8/2014
965,22505,19329,49.99,29/8/2014
966,22356,19222,49.99,29/8/2014
967,22068,19005,49.99,29/8/2014
968,22167,19079,49.99,29/8/2014
969,22357,19223,49.99,29/8/2014
970,21887,18876,49.99,30/8/2014
971,22545,19358,45.99,30/8/2014
972,22388,19247,49.99,30/8/2014
973,22397,19254,49.99,30/8/2014
974,22330,19202,49.99,30/8/2014
975,22361,19226,49.99,30/8/2014
976,22560,19369,49.99,31/8/2014
977,21988,18951,49.99,31/8/2014
978,22371,19234,49.99,31/8/2014
979,22462,19300,49.99,31/8/2014
980,22680,19456,49.99,31/8/2014
981,22199,19104,49.99,31/8/2014
982,22648,19433,49.99,31/8/2014
983,22180,19089,49.99,31/8/2014
984,22292,19174,49.99,31/8/2014
985,22621,19412,49.99,1/9/2014
986,22087,19018,49.99,1/9/2014
987,22148,19064,49.99,1/9/2014
988,22784,19531,49.99,2/9/2014
989,22610,19403,49.99,2/9/2014
990,22442,19285,49.99,2/9/2014
991,22219,19118,49.99,2/9/2014
992,22437,19282,49.99,3/9/2014
993,22268,19155,49.99,3/9/2014
994,22699,19470,49.99,3/9/2014
995,22506,19330,49.99,3/9/2014
996,22586,19386,49.99,3/9/2014
997,22671,19449,49.99,3/9/2014
998,22807,19547,49.99,3/9/2014
999,22805,19545,45.99,3/9/2014
1000,22644,19429,49.99,3/9/2014
1001,22766,19517,45.99,3/9/2014
1002,22823,19558,49.99,3/9/2014
1003,22359,19225,49.99,3/9/2014
1004,22690,19464,29.99,3/9/2014
1005,22526,19345,49.99,3/9/2014
1006,22276,19161,49.99,4/9/2014
1007,22343,19211,49.99,4/9/2014
1008,22637,19423,49.99,4/9/2014
1009,22468,19304,49.99,4/9/2014
1010,22259,19147,49.99,4/9/2014
1011,22287,19169,49.99,4/9/2014
1012,22279,19163,49.99,4/9/2014
1013,22244,19136,49.99,4/9/2014
1014,22646,19431,49.99,4/9/2014
1015,22382,19242,49.99,5/9/2014
1016,22530,19348,49.99,5/9/2014
1017,22341,19210,49.99,5/9/2014
1018,22550,19362,49.99,5/9/2014
1019,22578,19381,49.99,5/9/2014
1020,22960,19652,49.99,5/9/2014
1021,22880,19597,49.99,5/9/2014
1022,22783,19530,49.99,5/9/2014
1023,22742,19499,49.99,5/9/2014
1024,22262,19150,49.99,5/9/2014
1025,22528,19346,49.99,5/9/2014
1026,22548,19360,49.99,5/9/2014
1027,22332,19203,49.99,5/9/2014
1028,23085,19742,59.99,6/9/2014
1029,22822,19557,49.99,6/9/2014
1030,22878,19596,49.99,6/9/2014
1031,23035,19709,45.99,6/9/2014
1032,22790,19535,29.99,6/9/2014
1033,22688,19463,49.99,6/9/2014
1034,23051,19720,49.99,6/9/2014
1035,22964,19655,49.99,6/9/2014
1036,22502,19327,49.99,7/9/2014
1037,22893,19604,49.99,7/9/2014
1038,22509,19333,49.99,7/9/2014
1039,23132,19776,49.99,7/9/2014
1040,22440,19284,49.99,7/9/2014
1041,22396,19253,49.99,7/9/2014
1042,22381,19241,45.99,7/9/2014
1043,22368,19232,49.99,7/9/2014
1044,22384,19243,49.99,7/9/2014
1045,23135,19778,49.99,7/9/2014
1046,22767,19518,49.99,7/9/2014
1047,22987,19673,49.99,8/9/2014
1048,23031,19706,49.99,8/9/2014
1049,22967,19657,49.99,8/9/2014
1050,22428,19275,49.99,8/9/2014
1051,22557,19367,49.99,8/9/2014
1052,23067,19731,49.99,8/9/2014
1053,22806,19546,49.99,8/9/2014
1054,22507,19331,49.99,8/9/2014
1055,22746,19502,49.99,9/9/2014
1056,22508,19332,49.99,9/9/2014
1057,22826,19560,49.99,9/9/2014
1058,23136,19779,49.99,9/9/2014
1059,22448,19290,49.99,9/9/2014
1060,22423,19271,49.99,9/9/2014
1061,22417,19267,49.99,9/9/2014
1062,22710,19476,49.99,9/9/2014
1063,22848,19576,49.99,9/9/2014
1064,22896,19606,49.99,9/9/2014
1065,22906,19613,49.99,9/9/2014
1066,23208,19834,49.99,9/9/2014
1067,22730,19490,49.99,9/9/2014
1068,22812,19551,49.99,9/9/2014
1069,22612,19405,49.99,9/9/2014
1070,22522,19343,49.99,10/9/2014
1071,23064,19729,49.99,10/9/2014
1072,22556,19366,49.99,10/9/2014
1073,22479,19312,49.99,10/9/2014
1074,23104,19757,49.99,10/9/2014
1075,22531,19349,49.99,10/9/2014
1076,22825,19559,49.99,10/9/2014
1077,23017,19695,45.99,10/9/2014
1078,23166,19801,49.99,10/9/2014
1079,22605,19399,49.99,10/9/2014
1080,22743,19500,49.99,10/9/2014
1081,23335,19930,49.99,10/9/2014
1082,22533,19351,49.99,10/9/2014
1083,23359,19947,49.99,11/9/2014
1084,22804,19544,49.99,11/9/2014
1085,22696,19468,49.99,11/9/2014
1086,22516,19339,49.99,11/9/2014
1087,22543,19357,49.99,11/9/2014
1088,23411,19983,49.99,11/9/2014
1089,23123,19770,49.99,11/9/2014
1090,23171,19805,49.99,11/9/2014
1091,22585,19385,49.99,11/9/2014
1092,22753,19507,49.99,11/9/2014
1093,22772,19522,49.99,11/9/2014
1094,22859,19583,49.99,12/9/2014
1095,23202,19829,49.99,12/9/2014
1096,23323,19922,49.99,12/9/2014
1097,23446,20008,49.99,12/9/2014
1098,22840,19570,49.99,12/9/2014
1099,23464,20020,49.99,12/9/2014
1100,22873,19592,49.99,12/9/2014
1101,23236,19855,49.99,12/9/2014
1102,23189,19820,49.99,12/9/2014
1103,22691,19465,49.99,12/9/2014
1104,23256,19871,49.99,13/9/2014
1105,22768,19518,59.99,13/9/2014
1106,23296,19900,49.99,13/9/2014
1107,22865,19587,49.99,13/9/2014
1108,22821,19556,49.99,13/9/2014
1109,22924,19627,49.99,13/9/2014
1110,23203,19830,49.99,13/9/2014
1111,23026,19702,49.99,13/9/2014
1112,23093,19748,49.99,14/9/2014
1113,23526,20067,49.99,14/9/2014
1114,23573,20101,49.99,14/9/2014
1115,23590,20115,49.99,14/9/2014
1116,23215,19840,49.99,14/9/2014
1117,22989,19674,49.99,14/9/2014
1118,22916,19620,49.99,15/9/2014
1119,22935,19634,45.99,15/9/2014
1120,23102,19756,49.99,15/9/2014
1121,23096,19751,49.99,15/9/2014
1122,22846,19575,49.99,15/9/2014
1123,22811,19550,49.99,15/9/2014
1124,23227,19848,45.99,15/9/2014
1125,23152,19791,49.99,15/9/2014
1126,23238,19856,49.99,15/9/2014
1127,22979,19666,49.99,16/9/2014
1128,23691,20192,49.99,16/9/2014
1129,23061,19727,45.99,16/9/2014
1130,23513,20058,49.99,16/9/2014
1131,22892,19603,49.99,16/9/2014
1132,22961,19653,49.99,16/9/2014
1133,22993,19678,49.99,16/9/2014
1134,23358,19946,49.99,16/9/2014
1135,23611,20131,49.99,16/9/2014
1136,23454,20013,49.99,16/9/2014
1137,23146,19787,49.99,16/9/2014
1138,23056,19723,49.99,17/9/2014
1139,22845,19574,49.99,17/9/2014
1140,23661,20171,49.99,17/9/2014
1141,23564,20094,49.99,17/9/2014
1142,23229,19850,49.99,17/9/2014
1143,23674,20181,49.99,17/9/2014
1144,22931,19632,49.99,17/9/2014
1145,23632,20148,49.99,17/9/2014
1146,23232,19853,49.99,17/9/2014
1147,23469,20024,49.99,17/9/2014
1148,23046,19716,49.99,17/9/2014
1149,23313,19915,49.99,17/9/2014
1150,23726,20216,45.99,18/9/2014
1151,23536,20075,49.99,18/9/2014
1152,23244,19862,49.99,18/9/2014
1153,23023,19700,49.99,18/9/2014
1154,23809,20276,49.99,18/9/2014
1155,23777,20254,49.99,18/9/2014
1156,23538,20076,49.99,18/9/2014
1157,23005,19688,49.99,18/9/2014
1158,23765,20245,49.99,19/9/2014
1159,23869,20322,59.99,19/9/2014
1160,23178,19810,49.99,19/9/2014
1161,23276,19885,49.99,19/9/2014
1162,23521,20064,49.99,19/9/2014
1163,23565,20095,49.99,19/9/2014
1164,23292,19898,59.99,20/9/2014
1165,23420,19988,29.99,20/9/2014
1166,23569,20098,49.99,20/9/2014
1167,23147,19788,49.99,20/9/2014
1168,23355,19944,49.99,20/9/2014
1169,23459,20016,49.99,20/9/2014
1170,23288,19894,49.99,20/9/2014
1171,23673,20180,49.99,21/9/2014
1172,23697,20196,45.99,21/9/2014
1173,23251,19867,59.99,21/9/2014
1174,23728,20217,49.99,22/9/2014
1175,23613,20133,49.99,22/9/2014
1176,23644,20158,49.99,22/9/2014
1177,23609,20129,49.99,22/9/2014
1178,23309,19912,49.99,22/9/2014
1179,23560,20091,49.99,22/9/2014
1180,23226,19848,49.99,22/9/2014
1181,23600,20122,49.99,22/9/2014
1182,23687,20189,49.99,22/9/2014
1183,23928,20364,49.99,22/9/2014
1184,23711,20205,49.99,22/9/2014
1185,23403,19978,49.99,22/9/2014
1186,23305,19909,49.99,22/9/2014
1187,23524,20066,49.99,22/9/2014
1188,24079,20479,49.99,23/9/2014
1189,23770,20249,45.99,23/9/2014
1190,23604,20125,49.99,23/9/2014
1191,23746,20231,49.99,23/9/2014
1192,23500,20049,49.99,24/9/2014
1193,23804,20273,49.99,24/9/2014
1194,23701,20199,49.99,24/9/2014
1195,24200,20568,49.99,24/9/2014
1196,23593,20117,49.99,24/9/2014
1197,23596,20119,49.99,25/9/2014
1198,23610,20130,49.99,25/9/2014
1199,23732,20220,49.99,25/9/2014
1200,23579,20105,45.99,25/9/2014
1201,23693,20193,49.99,25/9/2014
1202,23511,20057,49.99,25/9/2014
1203,23714,20207,45.99,26/9/2014
1204,24189,20560,49.99,26/9/2014
1205,23699,20198,49.99,26/9/2014
1206,23559,20090,49.99,27/9/2014
1207,24304,20645,49.99,27/9/2014
1208,23645,20159,49.99,28/9/2014
1209,23769,20248,49.99,28/9/2014
1210,23703,20200,49.99,28/9/2014
1211,23890,20337,45.99,28/9/2014
1212,23664,20174,49.99,28/9/2014
1213,23798,20268,49.99,28/9/2014
1214,24307,20647,45.99,28/9/2014
1215,23741,20228,49.99,28/9/2014
1216,23785,20260,49.99,29/9/2014
1217,23751,20235,49.99,29/9/2014
1218,23774,20251,49.99,29/9/2014
1219,23850,20306,45.99,30/9/2014
1220,24214,20578,49.99,30/9/2014
1221,23761,20242,49.99,30/9/2014
1222,24575,20837,49.99,1/10/2014
1223,24445,20744,49.99,1/10/2014
1224,24610,20861,29.99,1/10/2014
1225,24263,20611,45.99,1/10/2014
1226,24299,20640,45.99,2/10/2014
1227,24531,20805,49.99,3/10/2014
1228,24213,20577,45.99,5/10/2014
1229,24205,20571,29.99,5/10/2014
1230,24333,20664,49.99,5/10/2014
1231,24187,20559,49.99,6/10/2014
1232,24750,20966,59.99,6/10/2014
1233,24488,20775,59.99,6/10/2014
1234,25060,21192,45.99,7/10/2014
1235,24953,21113,29.99,7/10/2014
1236,24365,20686,45.99,7/10/2014
1237,24258,20609,49.99,8/10/2014
1238,24658,20897,45.99,8/10/2014
1239,25013,21156,49.99,9/10/2014
1240,24670,20906,45.99,9/10/2014
1241,25056,21190,49.99,9/10/2014
1242,24422,20729,45.99,10/10/2014
1243,24553,20821,29.99,10/10/2014
1244,24637,20882,59.99,10/10/2014
1245,24986,21138,49.99,11/10/2014
1246,25053,21187,59.99,11/10/2014
1247,25168,21270,45.99,11/10/2014
1248,25258,21334,49.99,12/10/2014
1249,24999,21146,49.99,12/10/2014
1250,25446,21473,49.99,13/10/2014
1251,24773,20982,59.99,13/10/2014
1252,24925,21095,49.99,13/10/2014
1253,25066,21197,45.99,13/10/2014
1254,24835,21028,49.99,14/10/2014
1255,24625,20872,45.99,14/10/2014
1256,25530,21539,29.99,15/10/2014
1257,25407,21444,45.99,15/10/2014
1258,25199,21293,49.99,16/10/2014
1259,24951,21112,45.99,16/10/2014
1260,25024,21165,45.99,17/10/2014
1261,25809,21741,45.99,17/10/2014
1262,25316,21378,49.99,18/10/2014
1263,25763,21708,59.99,18/10/2014
1264,25171,21273,49.99,18/10/2014
1265,25234,21317,29.99,19/10/2014
1266,25769,21712,49.99,21/10/2014
1267,25812,21743,45.99,21/10/2014
1268,25180,21278,29.99,22/10/2014
1269,25418,21453,29.99,23/10/2014
1270,25925,21826,59.99,23/10/2014
1271,26119,21976,49.99,23/10/2014
1272,25497,21510,45.99,25/10/2014
1273,26091,21957,49.99,25/10/2014
1274,26434,22204,45.99,26/10/2014
1275,25629,21607,45.99,26/10/2014
1276,26393,22175,49.99,27/10/2014
1277,25741,21692,49.99,27/10/2014
1278,25686,21651,49.99,28/10/2014
1279,25734,21687,49.99,28/10/2014
1280,26025,21906,49.99,30/10/2014
1281,26007,21892,49.99,30/10/2014
1282,26178,22018,45.99,1/11/2014
1283,26822,22483,29.99,2/11/2014
1284,26311,22114,49.99,3/11/2014
1285,26745,22429,49.99,3/11/2014
1286,26674,22382,49.99,3/11/2014
1287,26544,22280,45.99,5/11/2014
1288,26451,22216,49.99,5/11/2014
1289,26708,22403,59.99,5/11/2014
1290,26349,22143,49.99,5/11/2014
1291,26688,22390,29.99,6/11/2014
1292,26302,22108,49.99,6/11/2014
1293,26548,22283,49.99,7/11/2014
1294,26644,22359,45.99,8/11/2014
1295,27184,22752,49.99,9/11/2014
1296,26722,22411,49.99,10/11/2014
1297,26931,22560,29.99,10/11/2014
1298,26860,22511,49.99,10/11/2014
1299,26913,22547,45.99,12/11/2014
1300,27139,22717,49.99,13/11/2014
1301,27606,23063,49.99,13/11/2014
1302,26887,22532,45.99,14/11/2014
1303,27029,22634,45.99,14/11/2014
1304,27822,23215,45.99,15/11/2014
1305,26878,22526,45.99,15/11/2014
1306,26985,22598,29.99,15/11/2014
1307,26918,22551,59.99,15/11/2014
1308,27211,22773,45.99,15/11/2014
1309,27299,22836,45.99,15/11/2014
1310,27158,22731,29.99,16/11/2014
1311,27813,23208,29.99,17/11/2014
1312,27474,22966,45.99,17/11/2014
1313,27345,22869,59.99,18/11/2014
1314,27135,22714,49.99,18/11/2014
1315,28074,23402,45.99,19/11/2014
1316,27503,22986,59.99,19/11/2014
1317,28199,23496,49.99,20/11/2014
1318,27554,23026,49.99,20/11/2014
1319,27303,22839,45.99,20/11/2014
1320,28002,23347,45.99,20/11/2014
1321,27630,23080,59.99,20/11/2014
1322,27853,23239,49.99,21/11/2014
1323,28051,23386,49.99,21/11/2014
1324,27964,23321,49.99,21/11/2014
1325,27356,22879,49.99,21/11/2014
1326,27824,23217,45.99,21/11/2014
1327,28161,23467,49.99,21/11/2014
1328,27741,23157,49.99,22/11/2014
1329,27666,23107,49.99,22/11/2014
1330,28180,23482,49.99,23/11/2014
1331,27858,23242,49.99,23/11/2014
1332,27953,23312,45.99,25/11/2014
1333,28238,23526,59.99,25/11/2014
1334,27868,23251,49.99,26/11/2014
1335,28389,23634,45.99,26/11/2014
1336,28034,23374,49.99,28/11/2014
1337,27800,23200,45.99,28/11/2014
1338,27965,23321,45.99,28/11/2014
1339,28153,23460,59.99,29/11/2014
1340,27895,23272,49.99,29/11/2014
1341,28842,23973,49.99,29/11/2014
1342,28639,23822,49.99,29/11/2014
1343,28776,23924,45.99,29/11/2014
1344,28170,23475,49.99,30/11/2014
1345,28940,24043,29.99,30/11/2014
1346,28700,23868,49.99,30/11/2014
1347,29304,24308,49.99,1/12/2014
1348,29476,24433,49.99,1/12/2014
1349,29245,24265,49.99,1/12/2014
1350,29530,24472,49.99,1/12/2014
1351,29553,24490,49.99,1/12/2014
1352,28832,23967,45.99,1/12/2014
1353,28893,24012,49.99,2/12/2014
1354,28285,23559,45.99,2/12/2014
1355,29631,24544,49.99,2/12/2014
1356,29115,24172,49.99,3/12/2014
1357,29777,24646,49.99,3/12/2014
1358,29672,24573,49.99,3/12/2014
1359,29624,24538,49.99,3/12/2014
1360,29928,24751,49.99,3/12/2014
1361,28530,23741,49.99,3/12/2014
1362,29654,24561,59.99,4/12/2014
1363,29745,24624,49.99,4/12/2014
1364,28345,23604,49.99,4/12/2014
1365,29275,24286,49.99,4/12/2014
1366,29737,24618,49.99,5/12/2014
1367,29372,24356,59.99,5/12/2014
1368,28600,23792,45.99,5/12/2014
1369,29425,24398,49.99,5/12/2014
1370,30016,24816,49.99,6/12/2014
1371,29912,24740,49.99,6/12/2014
1372,29445,24413,45.99,6/12/2014
1373,30062,24852,45.99,7/12/2014
1374,29549,24486,49.99,7/12/2014
1375,29407,24385,45.99,7/12/2014
1376,29083,24150,49.99,7/12/2014
1377,29118,24174,45.99,7/12/2014
1378,28680,23852,45.99,7/12/2014
1379,28622,23809,49.99,7/12/2014
1380,29804,24666,49.99,7/12/2014
1381,30213,24966,49.99,7/12/2014
1382,29518,24463,49.99,8/12/2014
1383,29529,24471,49.99,8/12/2014
1384,30209,24963,45.99,8/12/2014
1385,28880,24003,49.99,8/12/2014
1386,28823,23961,49.99,8/12/2014
1387,29247,24266,49.99,8/12/2014
1388,30217,24969,45.99,9/12/2014
1389,29588,24514,49.99,9/12/2014
1390,30422,25117,29.99,9/12/2014
1391,29978,24785,49.99,9/12/2014
1392,30341,25058,49.99,9/12/2014
1393,28788,23932,29.99,9/12/2014
1394,30399,25099,49.99,10/12/2014
1395,28809,23950,59.99,10/12/2014
1396,29505,24453,45.99,10/12/2014
1397,29060,24132,49.99,10/12/2014
1398,30361,25070,49.99,10/12/2014
1399,29531,24472,29.99,10/12/2014
1400,30070,24858,49.99,11/12/2014
1401,30553,25214,49.99,11/12/2014
1402,29759,24633,49.99,11/12/2014
1403,30058,24848,49.99,11/12/2014
1404,29806,24667,45.99,11/12/2014
1405,29265,24278,45.99,12/12/2014
1406,30350,25063,45.99,12/12/2014
1407,30545,25206,49.99,12/12/2014
1408,30517,25186,29.99,13/12/2014
1409,29217,24246,49.99,13/12/2014
1410,30844,25444,45.99,13/12/2014
1411,29480,24436,49.99,14/12/2014
1412,29557,24493,49.99,14/12/2014
1413,29652,24560,49.99,14/12/2014
1414,29691,24586,45.99,15/12/2014
1415,30221,24972,29.99,15/12/2014
1416,30946,25521,49.99,15/12/2014
1417,29746,24625,59.99,16/12/2014
1418,30129,24900,49.99,16/12/2014
1419,29838,24689,59.99,17/12/2014
1420,30920,25502,49.99,18/12/2014
1421,30266,25003,45.99,18/12/2014
1422,30855,25452,45.99,18/12/2014
1423,30205,24959,49.99,18/12/2014
1424,30512,25182,29.99,18/12/2014
1425,31303,25790,49.99,19/12/2014
1426,31132,25663,45.99,20/12/2014
1427,30911,25496,45.99,20/12/2014
1428,31187,25705,49.99,21/12/2014
1429,31674,26060,49.99,22/12/2014
1430,31502,25935,45.99,22/12/2014
1431,31647,26040,29.99,22/12/2014
1432,30983,25549,49.99,23/12/2014
1433,30849,25448,49.99,23/12/2014
1434,31400,25861,45.99,23/12/2014
1435,31102,25640,45.99,23/12/2014
1436,31562,25980,49.99,23/12/2014
1437,30881,25474,49.99,23/12/2014
1438,30489,25165,45.99,23/12/2014
1439,31573,25987,49.99,23/12/2014
1440,31707,26084,49.99,23/12/2014
1441,30996,25558,49.99,24/12/2014
1442,30810,25420,45.99,24/12/2014
1443,31863,26207,49.99,24/12/2014
1444,31361,25833,49.99,24/12/2014
1445,31380,25848,49.99,24/12/2014
1446,31037,25590,59.99,25/12/2014
1447,31239,25743,49.99,25/12/2014
1448,31739,26109,49.99,26/12/2014
1449,31580,25992,49.99,26/12/2014
1450,31949,26270,49.99,26/12/2014
1451,31868,26211,49.99,26/12/2014
1452,31379,25847,49.99,27/12/2014
1453,32116,26396,59.99,27/12/2014
1454,31853,26199,59.99,27/12/2014
1455,31614,26017,45.99,27/12/2014
1456,32135,26410,59.99,28/12/2014
1457,32215,26475,45.99,28/12/2014
1458,31168,25691,29.99,28/12/2014
1459,31316,25799,49.99,28/12/2014
1460,32222,26480,45.99,29/12/2014
1461,32321,26556,49.99,29/12/2014
1462,31228,25735,49.99,29/12/2014
1463,32250,26503,45.99,30/12/2014
1464,31375,25844,45.99,30/12/2014
1465,31367,25838,49.99,30/12/2014
1466,31867,26210,49.99,30/12/2014
1467,32236,26492,49.99,31/12/2014
1468,31869,26212,49.99,31/12/2014
1469,31861,26205,45.99,1/1/2015
1470,32154,26424,45.99,1/1/2015
1471,31769,26131,45.99,2/1/2015
1472,31702,26080,49.99,2/1/2015
1473,31539,25964,45.99,2/1/2015
1474,32419,26633,49.99,2/1/2015
1475,32078,26365,45.99,3/1/2015
1476,32628,26781,59.99,3/1/2015
1477,32171,26439,59.99,4/1/2015
1478,31741,26111,49.99,4/1/2015
1479,31689,26070,45.99,4/1/2015
1480,32574,26742,29.99,5/1/2015
1481,31825,26175,45.99,5/1/2015
1482,32113,26393,45.99,6/1/2015
1483,32610,26769,49.99,6/1/2015
1484,32340,26570,49.99,6/1/2015
1485,32175,26442,49.99,6/1/2015
1486,32404,26621,49.99,6/1/2015
1487,32452,26656,45.99,7/1/2015
1488,32095,26378,45.99,7/1/2015
1489,32903,26987,49.99,8/1/2015
1490,31983,26294,45.99,8/1/2015
1491,32705,26835,29.99,8/1/2015
1492,32746,26867,49.99,8/1/2015
1493,33274,27263,45.99,9/1/2015
1494,32838,26934,49.99,9/1/2015
1495,33209,27214,45.99,9/1/2015
1496,32673,26814,45.99,9/1/2015
1497,32500,26692,49.99,10/1/2015
1498,32273,26522,59.99,10/1/2015
1499,33080,27121,49.99,10/1/2015
1500,32389,26608,49.99,11/1/2015
1501,32871,26961,49.99,12/1/2015
1502,32479,26675,49.99,12/1/2015
1503,32960,27030,59.99,12/1/2015
1504,32819,26919,45.99,12/1/2015
1505,33000,27061,49.99,12/1/2015
1506,33002,27062,49.99,12/1/2015
1507,32536,26717,49.99,12/1/2015
1508,32898,26982,45.99,12/1/2015
1509,33546,27469,49.99,13/1/2015
1510,33195,27202,49.99,13/1/2015
1511,32657,26802,45.99,13/1/2015
1512,32592,26757,45.99,13/1/2015
1513,32783,26895,45.99,13/1/2015
1514,33074,27116,45.99,14/1/2015
1515,33502,27437,45.99,15/1/2015
1516,32831,26928,49.99,15/1/2015
1517,32971,27037,49.99,16/1/2015
1518,33130,27161,49.99,16/1/2015
1519,33613,27519,45.99,17/1/2015
1520,33801,27658,29.99,17/1/2015
1521,34114,27892,49.99,17/1/2015
1522,34007,27812,49.99,17/1/2015
1523,34081,27867,49.99,18/1/2015
1524,33945,27765,45.99,18/1/2015
1525,33750,27622,49.99,19/1/2015
1526,33001,27061,45.99,19/1/2015
1527,33508,27441,45.99,19/1/2015
1528,33200,27207,49.99,19/1/2015
1529,33884,27722,49.99,20/1/2015
1530,33823,27674,59.99,20/1/2015
1531,33820,27671,49.99,20/1/2015
1532,34275,28008,29.99,21/1/2015
1533,34194,27951,49.99,21/1/2015
1534,34218,27969,45.99,21/1/2015
1535,33434,27382,49.99,21/1/2015
1536,34350,28063,49.99,21/1/2015
1537,33759,27628,45.99,21/1/2015
1538,34061,27851,49.99,21/1/2015
1539,33765,27632,49.99,22/1/2015
1540,33644,27539,49.99,22/1/2015
1541,33896,27729,45.99,22/1/2015
1542,33919,27746,59.99,22/1/2015
1543,33610,27518,49.99,22/1/2015
1544,33457,27403,59.99,22/1/2015
1545,33497,27433,49.99,24/1/2015
1546,34242,27985,45.99,25/1/2015
1547,33854,27698,49.99,25/1/2015
1548,34514,28177,49.99,25/1/2015
1549,34272,28005,59.99,26/1/2015
1550,34417,28108,49.99,26/1/2015
1551,34392,28091,45.99,27/1/2015
1552,34363,28071,45.99,27/1/2015
1553,34565,28215,45.99,28/1/2015
1554,34539,28196,49.99,28/1/2015
1555,34064,27853,49.99,28/1/2015
1556,34117,27894,49.99,28/1/2015
1557,33922,27749,45.99,29/1/2015
1558,34368,28074,49.99,29/1/2015
1559,34446,28129,45.99,29/1/2015
1560,34010,27814,49.99,29/1/2015
1561,34969,28519,49.99,29/1/2015
1562,34463,28141,49.99,29/1/2015
1563,34634,28267,45.99,30/1/2015
1564,35211,28699,45.99,30/1/2015
1565,35352,28798,45.99,30/1/2015
1566,34973,28521,49.99,31/1/2015
1567,34184,27943,59.99,31/1/2015
1568,34573,28220,49.99,31/1/2015
1569,34743,28349,49.99,1/2/2015
1570,35378,28816,49.99,1/2/2015
1571,34662,28286,49.99,1/2/2015
1572,34876,28445,29.99,2/2/2015
1573,35320,28776,49.99,2/2/2015
1574,34352,28064,59.99,2/2/2015
1575,35120,28631,49.99,2/2/2015
1576,34618,28254,29.99,2/2/2015
1577,35180,28677,49.99,3/2/2015
1578,35361,28803,49.99,3/2/2015
1579,35237,28717,49.99,5/2/2015
1580,35285,28749,45.99,5/2/2015
1581,35360,28802,29.99,5/2/2015
1582,34604,28243,45.99,5/2/2015
1583,34590,28233,59.99,5/2/2015
1584,34624,28260,59.99,5/2/2015
1585,35531,28922,29.99,5/2/2015
1586,34845,28423,29.99,6/2/2015
1587,35752,29086,45.99,6/2/2015
1588,35455,28872,49.99,6/2/2015
1589,34978,28526,45.99,7/2/2015
1590,35603,28976,45.99,7/2/2015
1591,35842,29155,59.99,7/2/2015
1592,35756,29089,45.99,8/2/2015
1593,36124,29367,49.99,8/2/2015
1594,35421,28847,49.99,8/2/2015
1595,35340,28790,49.99,9/2/2015
1596,35071,28594,45.99,10/2/2015
1597,35708,29050,45.99,10/2/2015
1598,35167,28668,45.99,10/2/2015
1599,36118,29363,49.99,10/2/2015
1600,35424,28849,49.99,10/2/2015
1601,35915,29214,49.99,11/2/2015
1602,35162,28663,59.99,12/2/2015
1603,35359,28802,49.99,12/2/2015
1604,35929,29223,49.99,12/2/2015
1605,35250,28727,49.99,12/2/2015
1606,36295,29495,45.99,12/2/2015
1607,35436,28858,45.99,13/2/2015
1608,35704,29048,49.99,13/2/2015
1609,36844,29933,49.99,15/2/2015
1610,36285,29488,29.99,15/2/2015
1611,35773,29103,45.99,15/2/2015
1612,36132,29372,45.99,16/2/2015
1613,36417,29594,49.99,16/2/2015
1614,36111,29359,49.99,16/2/2015
1615,36744,29855,49.99,17/2/2015
1616,35762,29093,49.99,17/2/2015
1617,35757,29090,49.99,17/2/2015
1618,36794,29895,59.99,17/2/2015
1619,36519,29675,59.99,18/2/2015
1620,36172,29403,49.99,18/2/2015
1621,37052,30100,59.99,20/2/2015
1622,36304,29503,49.99,20/2/2015
1623,36884,29964,59.99,20/2/2015
1624,36366,29550,59.99,20/2/2015
1625,36019,29292,45.99,20/2/2015
1626,36362,29547,49.99,21/2/2015
1627,37379,30344,49.99,21/2/2015
1628,37287,30279,49.99,21/2/2015
1629,36454,29624,49.99,21/2/2015
1630,36871,29953,49.99,21/2/2015
1631,36821,29916,59.99,22/2/2015
1632,37523,30450,49.99,22/2/2015
1633,36271,29478,49.99,22/2/2015
1634,36729,29843,45.99,22/2/2015
1635,37098,30134,49.99,23/2/2015
1636,36996,30054,49.99,23/2/2015
1637,36917,29990,45.99,24/2/2015
1638,36341,29530,59.99,24/2/2015
1639,37266,30263,49.99,24/2/2015
1640,37121,30151,49.99,25/2/2015
1641,36717,29833,45.99,27/2/2015
1642,37316,30300,49.99,27/2/2015
1643,37513,30444,29.99,27/2/2015
1644,37300,30288,49.99,27/2/2015
1645,36971,30034,49.99,28/2/2015
1646,38070,30858,59.99,28/2/2015
1647,37411,30367,49.99,28/2/2015
1648,38100,30878,59.99,1/3/2015
1649,37904,30731,45.99,1/3/2015
1650,37416,30371,49.99,2/3/2015
1651,37861,30699,45.99,2/3/2015
1652,38054,30844,29.99,2/3/2015
1653,37450,30397,49.99,2/3/2015
1654,37924,30746,45.99,2/3/2015
1655,38083,30867,29.99,2/3/2015
1656,38166,30931,45.99,3/3/2015
1657,37663,30553,45.99,3/3/2015
1658,38168,30933,59.99,3/3/2015
1659,38340,31066,49.99,3/3/2015
1660,37598,30509,29.99,4/3/2015
1661,38229,30977,29.99,4/3/2015
1662,38055,30845,49.99,4/3/2015
1663,38425,31132,49.99,4/3/2015
1664,38397,31113,49.99,5/3/2015
1665,37784,30641,49.99,5/3/2015
1666,38179,30941,45.99,7/3/2015
1667,38010,30810,49.99,7/3/2015
1668,37568,30486,49.99,7/3/2015
1669,37686,30571,49.99,7/3/2015
1670,38667,31311,49.99,8/3/2015
1671,38107,30884,49.99,8/3/2015
1672,38129,30901,45.99,8/3/2015
1673,37886,30718,45.99,9/3/2015
1674,38356,31078,45.99,9/3/2015
1675,38627,31283,45.99,10/3/2015
1676,38309,31040,49.99,10/3/2015
1677,38287,31023,29.99,10/3/2015
1678,37891,30722,49.99,11/3/2015
1679,38195,30952,45.99,11/3/2015
1680,38000,30804,29.99,11/3/2015
1681,38492,31181,49.99,11/3/2015
1682,38896,31486,49.99,12/3/2015
1683,38090,30872,45.99,13/3/2015
1684,38900,31489,45.99,13/3/2015
1685,38494,31183,45.99,13/3/2015
1686,39003,31561,59.99,13/3/2015
1687,38593,31256,29.99,13/3/2015
1688,38274,31014,49.99,13/3/2015
1689,39092,31622,49.99,14/3/2015
1690,39026,31578,49.99,14/3/2015
1691,39225,31720,49.99,14/3/2015
1692,39113,31638,45.99,15/3/2015
1693,39475,31905,45.99,15/3/2015
1694,38700,31335,49.99,15/3/2015
1695,39585,31984,49.99,16/3/2015
1696,38851,31449,49.99,16/3/2015
1697,38427,31133,49.99,17/3/2015
1698,39194,31695,49.99,17/3/2015
1699,38625,31281,49.99,17/3/2015
1700,38897,31486,45.99,17/3/2015
1701,39663,32043,45.99,17/3/2015
1702,38955,31527,29.99,17/3/2015
1703,38605,31266,49.99,18/3/2015
1704,38978,31545,45.99,18/3/2015
1705,39486,31914,59.99,19/3/2015
1706,39029,31579,45.99,19/3/2015
1707,38940,31517,49.99,19/3/2015
1708,38802,31412,45.99,20/3/2015
1709,39546,31957,49.99,21/3/2015
1710,39705,32072,49.99,21/3/2015
1711,39199,31699,45.99,21/3/2015
1712,39696,32065,49.99,21/3/2015
1713,39189,31690,49.99,22/3/2015
1714,39172,31678,45.99,22/3/2015
1715,39813,32152,49.99,22/3/2015
1716,39278,31760,45.99,22/3/2015
1717,39713,32077,59.99,22/3/2015
1718,39428,31871,49.99,23/3/2015
1719,39370,31830,45.99,23/3/2015
1720,39243,31733,59.99,24/3/2015
1721,39680,32055,45.99,27/3/2015
1722,39860,32191,49.99,27/3/2015
1723,39674,32051,45.99,27/3/2015
1724,39819,32156,45.99,28/3/2015
1725,39449,31884,49.99,28/3/2015
1726,39759,32111,49.99,29/3/2015
1727,39950,32255,59.99,30/3/2015
1728,39671,32049,49.99,30/3/2015
1729,39729,32090,49.99,31/3/2015
1730,39717,32079,59.99,1/4/2015
1731,39947,32252,45.99,1/4/2015
